method,phase,iteration,elapsed_seconds,data_misfit_objective
LowRank-GN,map_start,-1,0.0,2863.4985028362394
LowRank-GN,map_optimization,0,162.2722612490179,693.7808421941797
LowRank-GN,map_optimization,1,278.7809004019946,486.630129987176
LowRank-GN,map_optimization,2,382.73767962801503,731.5006869143494
LowRank-GN,map_optimization,3,536.214093290997,731.5006869143494
LowRank-GN,map_optimization,4,650.2108293969941,731.5006869143494
LowRank-GN,map_optimization,5,765.3503342499898,731.5006869143494
LowRank-GN,map_optimization,6,868.3064704900025,340.3810441732043
LowRank-GN,map_optimization,7,969.4579815629986,279.45438072513014
LowRank-GN,map_optimization,8,1076.2998072619957,138.74335890633984
LowRank-GN,map_optimization,9,1184.67341434001,47.613970871740506
LowRank-GN,map_optimization,10,1282.842949436017,13.40125173359373
LowRank-GN,map_optimization,11,1385.0868769380031,15.51065198371575
LowRank-GN,map_optimization,12,1486.212321522995,9.366888137200156
LowRank-GN,map_optimization,13,1592.9145489250077,3.0841444178459563
LowRank-GN,map_optimization,14,1693.5249523950042,3.139090938990554
LowRank-GN,posterior_predictive,-1,2239.376476743986,3.139090938990554
EnIF-MDA (approximate),prior_evaluation,0,287.40106569499767,265.45411053597564
EnIF-MDA (approximate),mda_update,1,576.5288336159865,35.7670686933007
EnIF-MDA (approximate),mda_update,2,863.5627298879845,11.105793811279694
EnIF-MDA (approximate),mda_update,3,1156.730986154973,6.092395864175218
EnIF-MDA (approximate),mda_update,4,1481.856954740957,5.630320082494464
EnIF-MDA (approximate),mda_update,5,1795.0929921909847,4.49156287296849
EnIF-MDA (complete),prior_evaluation,0,310.2796325490053,265.45411053597564
EnIF-MDA (complete),mda_update,1,623.1501728750009,28.758067987118213
EnIF-MDA (complete),mda_update,2,935.403146725992,7.813147234289876
EnIF-MDA (complete),mda_update,3,1247.2730739180115,5.050150869051407
EnIF-MDA (complete),mda_update,4,1562.6970541180053,4.182791984607935
EnIF-MDA (complete),mda_update,5,1860.1423057630018,3.877287015167006
